name, surname, age, address, gender, city
Addie Evans,surname,59,760 Ecnic Parkway,Female,Dehzohiw
Emilie Klein,surname,40,242 Mubji Court,Male,Irgiti
Helena Marshall,surname,61,1449 Jemmec Circle,Female,Keckarrib
Phillip Duncan,surname,64,969 Ponpe Trail,Female,Saromice
Delia Vargas,surname,28,663 Bomit Park,Female,Kuvmojow
Minnie Price,surname,42,806 Doka Grove,Female,Pavagoh
Joshua James,surname,45,863 Mujad Center,Male,Kehtuve
Norman Stokes,surname,61,366 Rolla Trail,Male,Zaggubbem
Jonathan Logan,surname,49,368 Jitfec Trail,Female,Semiruk
Austin Joseph,surname,44,1844 Cumla Grove,Male,Modajfu
Bertha Harrington,surname,31,1706 Kudzo Parkway,Female,Junejpib
Elsie Ford,surname,28,147 Rein Lane,Female,Tacizuh
Manuel Banks,surname,25,1460 Zaig Parkway,Male,Fonbatwep
Lydia Briggs,surname,39,1905 Zire Pass,Female,Rubeepu
Jerry McGuire,surname,40,1502 Sovgin Path,Female,Dillejir
Jane Powell,surname,65,1801 Nenwe Parkway,Male,Fodivaruj
Gussie Tran,surname,65,1108 Nuha Drive,Female,Hefguid
Birdie Carpenter,surname,43,312 Fimuv Court,Female,Pimsupot
Matthew Morton,surname,41,497 Noedu Ridge,Female,Luboctip
Caroline West,surname,27,1012 Vios Pass,Male,Uvjande
Aiden Robbins,surname,37,1946 Feve Plaza,Female,Zufrogob
Nettie Wong,surname,46,1250 Votu Plaza,Female,Tumjawjap
Claudia Price,surname,27,186 Bivvim Circle,Male,Dotavic
Sadie Baldwin,surname,39,1052 Acso Junction,Female,Zoedtaz
Eugenia Cummings,surname,34,653 Fagjo Grove,Female,Regpocgiw
Mabelle Cruz,surname,29,533 Humtu Glen,Female,Ecelamen
Roy Grant,surname,18,930 Kune Place,Female,Telobfok
Gavin Terry,surname,27,1942 Budrul Way,Female,Daleeke
Virginia Perry,surname,23,1521 Pazko Highway,Female,Cinoput
Etta Hampton,surname,33,1069 Sikji Trail,Male,Cilsizas
Linnie Williamson,surname,43,415 Nugvu Circle,Male,Ikupapriz
Myra Lowe,surname,46,331 Boru Mill,Male,Faedmo
Grace Sandoval,surname,31,448 Azba Loop,Female,Gutavihi
Gavin Woods,surname,51,1508 Nozbav Point,Female,Tivaghir
Olga Armstrong,surname,61,1146 Bibhut Plaza,Female,Ulnunla
Amanda Hampton,surname,26,579 Hidmu Lane,Female,Cigpubu
Jose Collins,surname,28,1245 Suba Path,Female,Ifaletuz
Violet Medina,surname,60,1388 Saccun Highway,Male,Lisgeljam
Melvin Riley,surname,61,702 Fujba Heights,Female,Cenguvmu
Cordelia Sandoval,surname,20,912 Muvu Drive,Male,Withaficu
Dora Barton,surname,25,340 Edaric Key,Male,Ebevadur
Gertrude Morrison,surname,56,491 Cusine Square,Female,Eniiwpos
Belle Peterson,surname,53,1259 Rolrup Drive,Female,Wiwlaun
Don Parsons,surname,33,81 Suan Point,Male,Otupmos
Brent Graves,surname,18,887 Uroli Road,Male,Wagemmi
Bess Soto,surname,18,201 Difow Pike,Female,Balungig
Emilie Becker,surname,26,467 Jodaj Boulevard,Female,Pikhebpuv
Bernard Goodwin,surname,18,1757 Rapow Road,Female,Fugivu
Christopher Curry,surname,38,1011 Zegozi Street,Male,Fuswakpu
Ricardo Sanchez,surname,42,1642 Cohmi Square,Female,Pakpahuv
Harvey Vargas,surname,27,453 Atoku Point,Female,Faudojo
Ernest Ellis,surname,57,1144 Solma Manor,Female,Isabivpag
Jorge Rose,surname,23,1509 Jeceg Path,Female,Hidnokrom
Raymond Sutton,surname,38,1035 Tehgen Street,Male,Evuifokut
Victor Young,surname,47,238 Maoma Lane,Female,Gihlewol
Francisco Hall,surname,42,1163 Zebeg Ridge,Male,Ucabetvur
Matilda Colon,surname,51,1448 Jusza River,Male,Menuis
Todd Watkins,surname,44,621 Sopsel Mill,Female,Covpabci
Troy Harper,surname,30,357 Pecag Manor,Male,Fabeguh
Belle Bailey,surname,56,1509 Titob Extension,Female,Utimulos
Ronnie McDonald,surname,24,1516 Beite Pass,Female,Ewapopub
Elva Nguyen,surname,40,1484 Cebut Plaza,Male,Larugif
Roger Rose,surname,62,1222 Opoir Avenue,Male,Jehtemip
Susie White,surname,19,414 Gamweb Mill,Male,Hejajwe
Fanny Lewis,surname,62,1677 Adbow Highway,Male,Voladdus
Esther Davis,surname,38,1431 Gapke Mill,Male,Ikaozpi
Landon Jones,surname,43,1860 Vojtiz Avenue,Male,Ojsekaz
Nell Haynes,surname,53,1701 Doazu Key,Female,Noggewi
Rosetta Warner,surname,26,177 Wuuhe Heights,Male,Gatbefvik
Juan Gill,surname,24,749 Wodvud Ridge,Female,Hokoiz
Hannah Hardy,surname,38,1881 Zupa Key,Male,Bazjunoj
Cameron Leonard,surname,45,1695 Mukij Junction,Female,Uwevepeb
Bradley Russell,surname,25,1655 Luhmom Heights,Male,Ovcoaj
Olive Warren,surname,43,1712 Alna Point,Female,Wujnuva
Isabel Reid,surname,18,350 Efsul Place,Male,Ulocairo
Andrew Parker,surname,22,1428 Kuem Ridge,Male,Darumon
Don Larson,surname,47,1849 Diwab Loop,Female,Ribacto
George Norris,surname,44,1294 Ukufec Extension,Male,Fawajfov
Gabriel Griffin,surname,32,716 Nasbav Pike,Male,Budodam
Dustin Diaz,surname,49,1548 Nakver Ridge,Male,Totseti
Warren Allen,surname,59,1973 Doudo Extension,Female,Gigpawsap
Willie Hardy,surname,26,313 Kitawu View,Female,Hejacnu
Joel Franklin,surname,24,1931 Faiv Square,Female,Haaphe
Lilly Anderson,surname,38,860 Ewego Avenue,Male,Lujodfo
Troy Barker,surname,44,162 Luldo View,Female,Fepkegke
Carl Norton,surname,34,1455 Hewu Pike,Male,Saesbu
Lura Greer,surname,43,1142 Ufgof Heights,Female,Huralepe
Ian Nelson,surname,25,746 Tida Terrace,Male,Wucurot
Herbert Hamilton,surname,60,648 Wonar Court,Female,Wuleza
Lenora Adams,surname,48,1140 Alus Junction,Male,Momgenru
Victor Lamb,surname,55,1073 Ojoun Manor,Female,Piagezo
Clara Keller,surname,37,1598 Etiota Extension,Male,Ejrovos
Myra Matthews,surname,45,1771 Suzkoh Court,Female,Dacagenen
Blake Cain,surname,18,1703 Esecin Ridge,Male,Vibbepuj
Alice Herrera,surname,29,529 Eduzi River,Female,Tuhusuru
Georgie Johnson,surname,31,1437 Luemi Loop,Female,Vosfoeg
Carlos Lee,surname,51,376 Asugi Ridge,Male,Bectofofa
Oscar Wells,surname,20,200 Loblap Heights,Female,Cohjiksew
Austin McCoy,surname,59,700 Afisim Ridge,Male,Onacutka
Nora Murphy,surname,38,1620 Ravbas Circle,Male,Fivewegac
